<?xml version="1.0" encoding="UTF-8"?>
<TEI  xmlns="http://www.tei-c.org/ns/1.0">
  <teiHeader>
    <fileDesc>
      <titleStmt>
        <title>Appel aux francais : manuscrit originel</title>
<author>General de Gaulle</author>       
      </titleStmt>
      <publicationStmt>
        <p>Exercice pratique d'encodage</p>
      </publicationStmt>
      <sourceDesc>
        <p>Details du ms a fournir</p>
      </sourceDesc>
    </fileDesc>
  </teiHeader>
  <facsimile>
    <surface xml:id="recto">
      <graphic url="degaulle_recto.jpg"/>
    </surface>
    <surface xml:id="verso">
      <graphic url="degaulle_verso.jpg"/>
    </surface>
  </facsimile>
  <text>
    <body>
      <pb facs="#recto"/>
      <head>A TOUS LES FRANCAIS</head>
      <head><del><hi>Manifeste</hi></del></head>
      <p>La France a perdu la bataille !</p>
      <p>Mais la France n'a pas perdu la guerre !</p>
      <p><del>Ses gouvernantes <unclear>premieres</unclear></del></p>
      <p>Des gouvernants de rencontre<del>,</del> ont <lb/>pu capituler, <del>cédant
            à<add>dans</add> la panique</del><add place="above">cédant à la panique</add>,<lb/>
        oubliant l'honneur, livrant le pays <lb/>à la servitude <unclear><del>de
          l'etranger</del></unclear>. Cependant,<lb/> rien n'est perdu ! </p>
      <p>Rien n'est perdu, parce que <lb/>cette guerre est une guerre mondiale. <lb/>
        L'enemi à gagné la première manche.<lb/>
        <del>Mais des forces immenses n'ont pas</del>
        <add place="above">Mais dans l'univers libre, des forces immenses n'ont </add><lb/>pas
        encore donné. Un jour, ces forces <lb/>L'écraseront.</p>
      <p>Il faut que la France, ce jour-là, <lb/>soit présente à la victoire. Alors, elle <pb
          facs="#verso"/><lb/> retrouvera sa liberté et sa grandeur.</p>
      <p>Tel est mon but, mon seul but ! </p>
      <p>Voilà pourquoi J'appelle aux armes<lb/> tous les Français qui peuvent le prendre, <lb/>
      </p>
      <!-- ...  -->
      <closer>VIVE LA FRANCE !</closer>

      <signed> Général de Gaulle </signed>


    </body>
  </text>
</TEI>
